년월,시도명,시군구,승용관용,승용자가용,승용영업용,승용계,승합관용,승합자가용,승합영업용,승합계,화물관용,화물자가용,화물영업용,화물계,특수관용,특수자가용,특수영업용,특수계,관용,자가용,영업용,계
202401 ,서울,강남구,154,215,268,17,940,233,362,57,4,24,543,4,624,179,13,704,2,398,16,281
202401 ,서울,강동구,114,129,486,5,41,134,641,41,3,357,800,4,198,148,12,102,2,545,14,795
202401 ,서울,강북구,105,60,527,2,98,62,730,67,2,221,718,3,6,132,7,24,1,310,8,466
202401 ,서울,강서구,135,168,140,9,873,178,148,44,4,338,1,332,5,714,170,16,444,4,369,20
202401 ,서울,관악구,91,99,635,3,79,102,805,47,3,122,347,3,516,145,9,211,2,225,11,581
202401 ,서울,광진구,93,80,891,3,64,84,48,45,2,206,331,2,582,175,8,876,1,652,10,703
202401 ,서울,구로구,107,115,687,9,885,125,679,62,4,234,533,4,829,129,13,959,2,696,16,784
202401 ,서울,금천구,55,71,729,3,480,75,264,31,2,774,450,3,255,74,10,848,2,322,13,244
202401 ,서울,노원구,83,129,730,5,464,135,277,56,3,430,785,4,271,175,9,989,2,167,12,331
202401 ,서울,도봉구,92,76,748,4,656,81,496,48,2,382,582,3,12,125,8,36,2,60,10,221
202401 ,서울,동대문구,103,84,309,2,897,87,309,55,2,666,154,2,875,138,9,861,2,204,12,203
202401 ,서울,동작구,111,94,545,1,174,95,830,47,2,311,135,2,493,122,6,515,1,206,7,843
202401 ,서울,마포구,95,101,936,4,264,106,295,54,2,623,625,3,302,172,9,353,2,276,11,801
202401 ,서울,서대문구,196,77,579,3,215,80,990,99,2,74,401,2,574,129,5,860,1,814,7,803
202401 ,서울,서초구,178,152,590,4,51,156,819,134,3,8,662,3,804,181,10,781,4,841,15,803
202401 ,서울,성동구,131,82,331,8,751,91,213,50,1,861,953,2,864,178,8,416,1,869,10,463
202401 ,서울,성북구,95,105,347,2,47,107,489,50,2,942,1,112,4,104,144,8,589,1,722,10
202401 ,서울,송파구,127,207,7,7,248,214,382,101,4,120,1,631,5,852,165,17,816,5,3,22
202401 ,서울,양천구,128,128,184,4,401,132,713,60,3,169,755,3,984,140,11,176,2,946,14,262
202401 ,서울,영등포구,125,118,489,2,955,121,569,58,3,821,173,4,52,166,13,475,4,424,18,65
202401 ,서울,용산구,251,64,717,1,303,66,271,122,1,859,65,2,46,154,5,131,776,6,61,12
202401 ,서울,은평구,99,114,501,4,57,118,657,44,3,107,730,3,881,139,9,947,2,70,12,156
202401 ,서울,종로구,1,649,39,483,550,41,682,1,534,1,506,262,3,302,346,3,656,1,567,5
202401 ,서울,중구,298,42,612,1,507,44,417,862,1,810,222,2,894,178,5,330,1,209,6,717
202401 ,서울,중랑구,83,91,639,5,934,97,656,32,3,120,558,3,710,121,11,685,2,829,14,635
202402 ,서울,강남구,154,217,167,17,423,234,744,57,4,19,535,4,611,178,13,694,2,433,16,305
202402 ,서울,강동구,107,129,782,5,16,134,905,41,3,357,803,4,201,148,12,99,2,553,14,800
202402 ,서울,강북구,106,60,478,2,93,62,677,67,2,212,718,2,997,132,7,14,1,305,8,451
202402 ,서울,강서구,135,167,515,9,766,177,416,43,4,326,1,334,5,703,168,16,443,4,377,20
202402 ,서울,관악구,91,99,507,3,60,102,658,46,3,109,346,3,501,144,9,185,2,235,11,564
202402 ,서울,광진구,93,80,763,3,31,83,887,45,2,202,331,2,578,175,8,841,1,650,10,666
202402 ,서울,구로구,107,115,571,9,868,125,546,62,4,213,532,4,807,129,13,963,2,682,16,774
202402 ,서울,금천구,58,71,702,3,476,75,236,31,2,758,450,3,239,72,10,861,2,310,13,243
202402 ,서울,노원구,84,129,689,5,463,135,236,58,3,413,780,4,251,175,9,960,2,167,12,302
202402 ,서울,도봉구,92,76,705,4,643,81,440,48,2,370,591,3,9,125,8,66,2,54,10,245
202402 ,서울,동대문구,102,84,302,2,894,87,298,55,2,664,154,2,873,132,9,868,2,194,12,194
202402 ,서울,동작구,111,94,422,1,139,95,672,47,2,305,132,2,484,122,6,527,1,208,7,857
202402 ,서울,마포구,95,101,740,4,212,106,47,54,2,612,624,3,290,172,9,366,2,253,11,791
202402 ,서울,서대문구,196,77,623,3,216,81,35,99,2,79,404,2,582,131,5,866,1,809,7,806
202402 ,서울,서초구,173,152,578,3,949,156,700,130,2,992,663,3,785,181,10,779,4,822,15,782
202402 ,서울,성동구,131,82,260,8,753,91,144,49,1,867,962,2,878,176,8,394,1,878,10,448
202402 ,서울,성북구,95,105,227,2,41,107,363,49,2,929,1,111,4,89,143,8,578,1,724,10
202402 ,서울,송파구,127,207,281,7,280,214,688,101,4,101,1,645,5,847,163,17,852,4,937,22
202402 ,서울,양천구,130,128,393,4,374,132,897,60,3,180,756,3,996,140,11,195,2,948,14,283
202402 ,서울,영등포구,126,118,454,2,930,121,510,58,3,802,177,4,37,166,13,481,4,435,18,82
202402 ,서울,용산구,248,64,540,1,294,66,82,121,1,846,71,2,38,153,5,80,779,6,12,12
202402 ,서울,은평구,99,114,406,4,61,118,566,45,3,87,729,3,861,139,9,951,2,72,12,162
202402 ,서울,종로구,1,652,39,459,547,41,658,1,535,1,500,257,3,292,347,3,659,1,566,5
202402 ,서울,중구,296,42,428,1,482,44,206,861,1,803,217,2,881,176,5,347,1,210,6,733
202402 ,서울,중랑구,83,91,711,5,919,97,713,32,3,108,559,3,699,122,11,708,2,818,14,648
202403 ,서울,강남구,154,217,524,17,38,234,716,58,3,986,533,4,577,178,13,665,2,426,16,269
202403 ,서울,강동구,107,130,110,4,976,135,193,41,3,336,798,4,175,147,12,26,2,539,14,712
202403 ,서울,강북구,107,60,324,2,91,62,522,67,2,188,718,2,973,132,6,968,1,298,8,398
202403 ,서울,강서구,135,167,537,9,656,177,328,43,4,300,1,332,5,675,167,16,369,4,362,20
202403 ,서울,관악구,89,99,440,3,53,102,582,46,3,83,346,3,475,143,9,139,2,221,11,503
202403 ,서울,광진구,92,80,662,3,13,83,767,45,2,190,334,2,569,175,8,813,1,647,10,635
202403 ,서울,구로구,106,115,590,10,17,125,713,62,4,154,538,4,754,129,13,933,2,656,16,718
202403 ,서울,금천구,58,71,800,3,440,75,298,32,2,709,451,3,192,72,10,805,2,312,13,189
202403 ,서울,노원구,85,129,620,5,453,135,158,58,3,391,773,4,222,174,9,908,2,157,12,239
202403 ,서울,도봉구,91,76,681,4,623,81,395,48,2,352,575,2,975,125,8,49,2,52,10,226
202403 ,서울,동대문구,101,84,444,2,900,87,445,55,2,642,154,2,851,131,9,824,2,185,12,140
202403 ,서울,동작구,111,94,504,1,122,95,737,47,2,268,131,2,446,122,6,507,1,206,7,835
202403 ,서울,마포구,93,101,803,4,188,106,84,54,2,595,620,3,269,170,9,374,2,244,11,788
202403 ,서울,서대문구,197,77,606,3,225,81,28,99,2,65,401,2,565,129,5,865,1,802,7,796
202403 ,서울,서초구,172,152,542,3,972,156,686,129,2,974,665,3,768,181,10,718,4,816,15,715
202403 ,서울,성동구,131,82,262,8,640,91,33,49,1,863,956,2,868,176,8,367,1,881,10,424
202403 ,서울,성북구,94,105,211,2,43,107,348,48,2,910,1,99,4,57,143,8,569,1,721,10
202403 ,서울,송파구,128,207,115,7,270,214,513,100,4,99,1,654,5,853,163,17,820,4,954,22
202403 ,서울,양천구,129,127,854,4,361,132,344,60,3,114,756,3,930,140,11,116,2,939,14,195
202403 ,서울,영등포구,126,118,455,2,950,121,531,58,3,793,179,4,30,167,13,407,4,425,17,999
202403 ,서울,용산구,246,64,323,1,278,65,847,121,1,819,72,2,12,153,5,19,800,5,972,12
202403 ,서울,은평구,99,114,527,4,47,118,673,45,3,54,730,3,829,139,9,951,2,63,12,153
202403 ,서울,종로구,1,669,39,450,245,41,364,1,537,1,486,248,3,271,346,3,659,1,558,5
202403 ,서울,중구,297,42,304,1,764,44,365,861,1,793,228,2,882,176,5,326,1,178,6,680
202403 ,서울,중랑구,84,91,698,5,934,97,716,32,3,67,570,3,669,122,11,681,2,829,14,632
202404 ,서울,강남구,154,217,733,16,813,234,700,58,3,984,531,4,573,179,13,682,2,421,16,282
202404 ,서울,강동구,108,130,444,4,970,135,522,41,3,308,732,4,81,147,12,12,2,532,14,691
202404 ,서울,강북구,107,60,285,2,79,62,471,67,2,174,717,2,958,132,6,958,1,295,8,385
202404 ,서울,강서구,135,167,543,9,483,177,161,43,4,289,1,323,5,655,169,16,357,4,328,20
202404 ,서울,관악구,90,99,437,3,34,102,561,45,3,60,347,3,452,143,9,112,2,224,11,479
202404 ,서울,광진구,92,80,705,3,34,83,831,45,2,172,334,2,551,173,8,793,1,640,10,606
202404 ,서울,구로구,106,115,570,9,992,125,668,62,4,110,584,4,756,127,13,905,2,655,16,687
202404 ,서울,금천구,58,71,782,3,414,75,254,32,2,698,451,3,181,72,10,798,2,317,13,187
202404 ,서울,노원구,83,129,687,5,446,135,216,54,3,388,771,4,213,177,9,885,2,163,12,225
202404 ,서울,도봉구,92,76,655,4,619,81,366,48,2,330,635,3,13,125,8,21,2,59,10,205
202404 ,서울,동대문구,100,84,548,2,887,87,535,54,2,629,142,2,825,131,9,793,2,199,12,123
202404 ,서울,동작구,111,94,610,1,114,95,835,47,2,248,132,2,427,122,6,498,1,200,7,820
202404 ,서울,마포구,93,101,846,4,186,106,125,54,2,578,623,3,255,177,9,367,2,228,11,772
202404 ,서울,서대문구,197,77,645,3,260,81,102,100,2,52,400,2,552,130,5,861,1,790,7,781
202404 ,서울,서초구,172,152,561,3,918,156,651,129,2,968,666,3,763,187,10,724,4,803,15,714
202404 ,서울,성동구,131,82,289,8,711,91,131,47,1,851,960,2,858,176,8,355,1,878,10,409
202404 ,서울,성북구,94,105,236,2,42,107,372,48,2,894,1,100,4,42,138,8,555,1,718,10
202404 ,서울,송파구,127,207,155,7,316,214,598,98,4,67,1,622,5,787,164,17,742,4,873,22
202404 ,서울,양천구,129,127,483,4,353,131,965,60,3,114,760,3,934,142,11,56,2,935,14,133
202404 ,서울,영등포구,129,118,551,2,927,121,607,58,3,758,179,3,995,168,13,409,4,425,18,2
202404 ,서울,용산구,248,64,49,1,258,65,555,118,1,808,73,1,999,153,4,978,832,5,963,12
202404 ,서울,은평구,100,114,534,4,53,118,687,45,3,35,743,3,823,140,9,903,2,61,12,104
202404 ,서울,종로구,1,671,39,381,239,41,291,1,536,1,482,249,3,267,347,3,645,1,562,5
202404 ,서울,중구,299,42,92,1,733,44,124,860,1,791,232,2,883,175,5,317,1,182,6,674
202404 ,서울,중랑구,84,91,736,5,906,97,726,33,3,52,573,3,658,122,11,688,2,826,14,636
202405 ,서울,강남구,153,218,216,16,595,234,964,58,3,957,534,4,549,179,13,661,2,436,16,276
202405 ,서울,강동구,108,130,717,4,948,135,773,41,3,284,730,4,55,146,11,977,2,533,14,656
202405 ,서울,강북구,108,60,247,2,80,62,435,68,2,157,716,2,941,132,6,981,1,287,8,400
202405 ,서울,강서구,133,167,760,9,291,177,184,43,4,274,1,323,5,640,167,16,384,4,298,20
202405 ,서울,관악구,90,99,475,3,40,102,605,45,3,49,346,3,440,143,9,93,2,216,11,452
202405 ,서울,광진구,92,80,732,3,39,83,863,45,2,153,336,2,534,172,8,726,1,636,10,534
202405 ,서울,구로구,107,115,550,9,830,125,487,62,4,76,585,4,723,127,13,875,2,653,16,655
202405 ,서울,금천구,58,71,786,3,389,75,233,32,2,672,452,3,156,72,10,767,2,335,13,174
202405 ,서울,노원구,83,129,619,5,452,135,154,54,3,374,770,4,198,177,9,890,2,163,12,230
202405 ,서울,도봉구,92,76,631,4,603,81,326,48,2,316,631,2,995,124,7,974,2,57,10,155
202405 ,서울,동대문구,100,84,564,2,917,87,581,53,2,608,146,2,807,131,9,760,2,204,12,95
202405 ,서울,동작구,111,94,712,1,107,95,930,46,2,237,131,2,414,124,6,545,1,189,7,858
202405 ,서울,마포구,94,101,911,4,197,106,202,55,2,556,637,3,248,179,9,344,2,220,11,743
202405 ,서울,서대문구,200,77,698,3,298,81,196,106,2,47,402,2,555,141,5,879,1,793,7,813
202405 ,서울,서초구,206,152,523,3,880,156,609,129,2,948,671,3,748,182,10,715,4,788,15,685
202405 ,서울,성동구,131,82,350,8,778,91,259,46,1,838,953,2,837,179,8,318,1,879,10,376
202405 ,서울,성북구,94,105,272,2,22,107,388,48,2,860,1,101,4,9,138,8,550,1,711,10
202405 ,서울,송파구,126,207,215,7,376,214,717,97,4,63,1,633,5,793,163,17,698,4,801,22
202405 ,서울,양천구,129,127,459,4,328,131,916,60,3,92,762,3,914,143,11,66,2,952,14,161
202405 ,서울,영등포구,130,118,614,2,940,121,684,58,3,714,178,3,950,168,13,344,4,434,17,946
202405 ,서울,용산구,255,63,874,1,276,65,405,118,1,787,73,1,978,154,4,960,844,5,958,12
202405 ,서울,은평구,100,114,579,4,53,118,732,46,3,14,741,3,801,139,9,880,2,76,12,95
202405 ,서울,종로구,1,672,39,383,240,41,295,1,535,1,479,248,3,262,347,3,642,1,557,5
202405 ,서울,중구,299,41,871,1,709,43,879,858,1,779,231,2,868,176,5,311,1,183,6,670
202405 ,서울,중랑구,78,91,873,5,903,97,854,33,3,51,571,3,655,121,11,674,2,816,14,611
202406 ,서울,강남구,152,218,463,17,319,235,934,58,3,934,562,4,554,180,13,708,2,423,16,311
202406 ,서울,강동구,108,131,107,4,945,136,160,41,3,260,705,4,6,146,11,945,2,536,14,627
202406 ,서울,강북구,106,60,200,2,63,62,369,69,2,136,713,2,918,132,6,932,1,291,8,355
202406 ,서울,강서구,136,167,917,9,288,177,341,43,4,261,1,311,5,615,167,16,383,4,275,20
202406 ,서울,관악구,90,99,428,3,22,102,540,45,3,21,346,3,412,143,9,75,2,239,11,457
202406 ,서울,광진구,92,80,620,3,84,83,796,44,2,139,341,2,524,172,8,700,1,646,10,518
202406 ,서울,구로구,107,115,548,9,701,125,356,62,4,43,585,4,690,127,13,862,2,649,16,638
202406 ,서울,금천구,57,71,715,3,380,75,152,32,2,671,452,3,155,72,10,764,2,330,13,166
202406 ,서울,노원구,84,129,587,5,507,135,178,54,3,348,766,4,168,176,9,844,2,164,12,184
202406 ,서울,도봉구,92,76,579,4,600,81,271,48,2,308,599,2,955,125,7,971,2,53,10,149
202406 ,서울,동대문구,101,84,549,2,938,87,588,54,2,573,146,2,773,131,9,769,2,204,12,104
202406 ,서울,동작구,112,94,797,1,96,96,5,46,2,236,132,2,414,125,6,516,1,184,7,825
202406 ,서울,마포구,94,101,896,4,240,106,230,55,2,535,633,3,223,180,9,278,2,220,11,678
202406 ,서울,서대문구,207,77,745,3,377,81,329,105,2,39,400,2,544,140,5,858,1,806,7,804
202406 ,서울,서초구,178,152,864,3,909,156,951,130,2,947,650,3,727,182,10,675,4,763,15,620
202406 ,서울,성동구,131,82,495,8,974,91,600,46,1,818,992,2,856,177,8,247,1,876,10,300
202406 ,서울,성북구,94,105,340,2,11,107,445,49,2,835,1,100,3,984,138,8,521,1,714,10
202406 ,서울,송파구,124,207,228,7,458,214,810,99,4,47,1,634,5,780,161,17,618,4,808,22
202406 ,서울,양천구,130,127,359,4,307,131,796,60,3,80,760,3,900,144,11,44,2,940,14,128
202406 ,서울,영등포구,128,118,767,2,930,121,825,59,3,696,179,3,934,168,13,319,4,434,17,921
202406 ,서울,용산구,258,63,834,1,276,65,368,118,1,783,73,1,974,154,5,10,904,6,68,12
202406 ,서울,은평구,100,114,409,4,51,118,560,46,2,977,740,3,763,139,9,876,2,66,12,81
202406 ,서울,종로구,1,626,39,323,242,41,191,1,535,1,463,247,3,245,344,3,627,1,553,5
202406 ,서울,중구,299,41,700,1,692,43,691,859,1,778,233,2,870,176,5,283,1,186,6,645
202406 ,서울,중랑구,78,91,898,5,959,97,935,33,3,32,571,3,636,121,11,665,2,812,14,598
202407 ,서울,강남구,151,218,439,17,130,235,720,59,3,927,573,4,559,179,13,676,2,456,16,311
202407 ,서울,강동구,110,131,523,4,941,136,574,41,3,272,684,3,997,145,11,918,2,534,14,597
202407 ,서울,강북구,107,60,126,2,85,62,318,69,2,109,713,2,891,130,6,878,1,282,8,290
202407 ,서울,강서구,135,167,613,9,282,177,30,44,4,190,1,310,5,544,167,16,296,4,276,20
202407 ,서울,관악구,89,99,321,3,29,102,439,45,2,993,345,3,383,143,9,47,2,223,11,413
202407 ,서울,광진구,92,80,537,3,91,83,720,46,2,105,330,2,481,172,8,617,1,633,10,422
202407 ,서울,구로구,108,115,501,9,627,125,236,62,3,972,586,4,620,127,13,825,2,640,16,592
202407 ,서울,금천구,60,71,801,3,388,75,249,32,2,646,452,3,130,73,10,755,2,308,13,136
202407 ,서울,노원구,84,129,615,5,612,135,311,56,3,311,766,4,133,175,9,797,2,166,12,138
202407 ,서울,도봉구,92,76,504,4,643,81,239,48,2,274,588,2,910,129,7,931,2,55,10,115
202407 ,서울,동대문구,102,84,586,2,909,87,597,54,2,564,132,2,750,131,9,748,2,202,12,81
202407 ,서울,동작구,114,94,843,1,67,96,24,44,2,208,130,2,382,135,6,481,1,183,7,799
202407 ,서울,마포구,94,101,922,4,255,106,271,55,2,516,635,3,206,182,9,262,2,212,11,656
202407 ,서울,서대문구,210,77,718,3,414,81,342,105,2,3,401,2,509,140,5,821,1,802,7,763
202407 ,서울,서초구,186,153,36,3,849,157,71,137,2,938,647,3,722,184,10,638,4,751,15,573
202407 ,서울,성동구,131,82,387,8,886,91,404,46,1,806,988,2,840,177,8,208,1,875,10,260
202407 ,서울,성북구,96,105,373,2,5,107,474,50,2,795,1,102,3,947,138,8,496,1,712,10
202407 ,서울,송파구,131,207,74,7,539,214,744,99,3,999,1,642,5,740,160,17,509,4,784,22
202407 ,서울,양천구,131,127,355,4,366,131,852,61,3,66,734,3,861,145,11,22,2,930,14,97
202407 ,서울,영등포구,128,118,726,2,920,121,774,62,3,652,177,3,891,167,13,240,4,442,17,849
202407 ,서울,용산구,258,63,715,1,273,65,246,118,1,768,72,1,958,153,4,986,938,6,77,12
202407 ,서울,은평구,100,114,333,4,44,118,477,46,2,949,740,3,735,140,9,817,2,66,12,23
202407 ,서울,종로구,1,654,39,418,237,41,309,1,533,1,447,249,3,229,339,3,632,1,561,5
202407 ,서울,중구,301,41,533,1,655,43,489,856,1,753,229,2,838,176,5,238,1,189,6,603
202407 ,서울,중랑구,78,91,962,5,976,98,16,33,2,999,570,3,602,122,11,610,2,801,14,533
202408 ,서울,강남구,160,218,724,16,964,235,848,61,3,923,570,4,554,189,13,621,2,423,16,233
202408 ,서울,강동구,110,132,52,4,939,137,101,41,3,258,679,3,978,145,11,902,2,544,14,591
202408 ,서울,강북구,107,60,92,2,88,62,287,69,2,92,714,2,875,130,6,834,1,288,8,252
202408 ,서울,강서구,136,167,155,9,214,176,505,45,4,178,1,308,5,531,167,16,212,4,265,20
202408 ,서울,관악구,89,99,193,3,24,102,306,45,2,978,345,3,368,139,9,47,2,232,11,418
202408 ,서울,광진구,91,80,461,3,105,83,657,45,2,85,326,2,456,172,8,570,1,599,10,341
202408 ,서울,구로구,108,115,461,9,532,125,101,62,3,941,578,4,581,128,13,832,2,637,16,597
202408 ,서울,금천구,60,71,811,3,385,75,256,32,2,619,451,3,102,74,10,747,2,299,13,120
202408 ,서울,노원구,84,129,663,5,611,135,358,54,3,289,770,4,113,175,9,783,2,161,12,119
202408 ,서울,도봉구,92,76,344,4,639,81,75,48,2,252,578,2,878,129,7,926,2,50,10,105
202408 ,서울,동대문구,106,84,542,2,912,87,560,55,2,541,131,2,727,131,9,722,2,196,12,49
202408 ,서울,동작구,115,94,686,1,119,95,920,45,2,189,130,2,364,135,6,452,1,196,7,783
202408 ,서울,마포구,95,101,855,4,234,106,184,55,2,493,639,3,187,177,9,240,2,174,11,591
202408 ,서울,서대문구,209,77,691,3,436,81,336,106,1,983,402,2,491,134,5,821,1,805,7,760
202408 ,서울,서초구,176,153,184,3,805,157,165,134,2,940,646,3,720,183,10,618,4,727,15,528
202408 ,서울,성동구,132,82,131,9,166,91,429,46,1,792,982,2,820,179,8,169,1,872,10,220
202408 ,서울,성북구,96,105,369,2,5,107,470,50,2,781,1,103,3,934,138,8,507,1,714,10
202408 ,서울,송파구,130,206,948,7,592,214,670,101,3,962,1,635,5,698,160,17,466,4,777,22
202408 ,서울,양천구,131,127,351,4,393,131,875,61,3,36,730,3,827,147,11,12,2,928,14,87
202408 ,서울,영등포구,128,118,418,2,918,121,464,61,3,621,180,3,862,168,13,208,4,470,17,846
202408 ,서울,용산구,260,63,683,1,279,65,222,118,1,767,77,1,962,154,4,983,962,6,99,11
202408 ,서울,은평구,101,114,108,4,38,118,247,47,2,931,743,3,721,143,9,809,2,63,12,15
202408 ,서울,종로구,1,654,39,397,236,41,287,1,540,1,432,249,3,221,340,3,645,1,564,5
202408 ,서울,중구,301,41,335,1,605,43,241,857,1,747,231,2,835,177,5,226,1,194,6,597
202408 ,서울,중랑구,78,91,894,5,967,97,939,33,2,968,580,3,581,125,11,565,2,792,14,482
202409 ,서울,강남구,162,218,929,16,437,235,528,63,3,909,561,4,533,188,13,625,2,427,16,240
202409 ,서울,강동구,110,132,178,5,162,137,450,41,3,232,662,3,935,144,11,866,2,571,14,581
202409 ,서울,강북구,109,60,227,2,87,62,423,69,2,77,714,2,860,128,6,801,1,290,8,219
202409 ,서울,강서구,137,167,135,9,170,176,442,45,4,139,1,311,5,495,167,16,103,4,272,20
202409 ,서울,관악구,89,99,155,3,16,102,260,45,2,952,345,3,342,138,9,18,2,235,11,391
202409 ,서울,광진구,91,80,388,3,136,83,615,45,2,64,332,2,441,172,8,573,1,577,10,322
202409 ,서울,구로구,109,115,569,9,473,125,151,62,3,917,575,4,554,129,13,788,2,630,16,547
202409 ,서울,금천구,60,71,817,3,335,75,212,33,2,580,450,3,63,74,10,754,2,301,13,129
202409 ,서울,노원구,84,129,603,5,619,135,306,54,3,275,766,4,95,176,9,755,2,148,12,79
202409 ,서울,도봉구,92,76,305,4,620,81,17,48,2,240,578,2,866,128,7,930,2,41,10,99
202409 ,서울,동대문구,106,84,719,2,945,87,770,58,2,521,132,2,711,130,9,722,2,195,12,47
202409 ,서울,동작구,117,94,781,1,117,96,15,45,2,176,129,2,350,135,6,437,1,176,7,748
202409 ,서울,마포구,96,101,909,4,242,106,247,56,2,468,647,3,171,175,9,254,2,175,11,604
202409 ,서울,서대문구,210,77,678,3,441,81,329,106,1,968,402,2,476,133,5,836,1,798,7,767
202409 ,서울,서초구,177,153,500,3,817,157,494,131,2,930,648,3,709,184,10,629,4,730,15,543
202409 ,서울,성동구,132,82,49,9,179,91,360,46,1,766,977,2,789,178,8,137,1,871,10,186
202409 ,서울,성북구,95,105,355,2,1,107,451,50,2,753,1,104,3,907,140,8,466,1,702,10
202409 ,서울,송파구,130,207,76,7,567,214,773,106,3,950,1,622,5,678,160,17,470,4,774,22
202409 ,서울,양천구,130,127,384,4,417,131,931,61,3,24,733,3,818,146,11,11,2,924,14,81
202409 ,서울,영등포구,127,118,575,2,906,121,608,62,3,598,182,3,842,170,13,94,4,460,17,724
202409 ,서울,용산구,262,63,707,1,275,65,244,118,1,753,76,1,947,155,4,967,978,6,100,11
202409 ,서울,은평구,101,114,103,4,30,118,234,47,2,916,743,3,706,141,9,806,2,58,12,5
202409 ,서울,종로구,1,640,39,412,240,41,292,1,516,1,425,249,3,190,340,3,626,1,564,5
202409 ,서울,중구,298,41,293,1,562,43,153,858,1,745,232,2,835,176,5,191,1,191,6,558
202409 ,서울,중랑구,78,91,897,5,957,97,932,33,2,948,580,3,561,125,11,534,2,785,14,444
202410 ,서울,강남구,162,219,56,14,409,233,627,63,3,881,559,4,503,189,13,609,2,420,16,218
202410 ,서울,강동구,110,132,559,5,147,137,816,41,3,225,636,3,902,144,11,863,2,588,14,595
202410 ,서울,강북구,108,60,350,2,91,62,549,69,2,71,715,2,855,129,6,765,1,281,8,175
202410 ,서울,강서구,138,167,574,9,209,176,921,46,4,111,1,318,5,475,162,16,73,4,246,20
202410 ,서울,관악구,90,98,886,2,994,101,970,45,2,926,345,3,316,139,8,990,2,227,11,356
202410 ,서울,광진구,90,80,316,3,73,83,479,45,2,37,332,2,414,169,8,525,1,594,10,288
202410 ,서울,구로구,110,115,537,9,393,125,40,62,3,904,567,4,533,130,13,762,2,613,16,505
202410 ,서울,금천구,59,71,795,3,312,75,166,33,2,555,449,3,37,74,10,703,2,297,13,74
202410 ,서울,노원구,85,129,402,5,627,135,114,54,3,250,766,4,70,176,9,715,2,141,12,32
202410 ,서울,도봉구,92,76,182,4,599,80,873,48,2,220,570,2,838,129,7,915,2,43,10,87
202410 ,서울,동대문구,107,84,749,2,949,87,805,61,2,505,132,2,698,132,9,703,2,199,12,34
202410 ,서울,동작구,118,94,799,1,118,96,35,45,2,156,129,2,330,135,6,423,1,172,7,730
202410 ,서울,마포구,94,101,820,4,266,106,180,56,2,452,650,3,158,171,9,216,2,166,11,553
202410 ,서울,서대문구,210,77,555,3,444,81,209,106,1,960,403,2,469,133,5,806,1,806,7,745
202410 ,서울,서초구,176,153,700,3,735,157,611,128,2,934,657,3,719,184,10,599,4,734,15,517
202410 ,서울,성동구,132,81,960,9,91,91,183,46,1,762,977,2,785,179,8,151,1,861,10,191
202410 ,서울,성북구,93,105,333,1,998,107,424,48,2,738,1,104,3,890,140,8,453,1,695,10
202410 ,서울,송파구,129,207,235,7,548,214,912,105,3,919,1,607,5,631,160,17,431,4,777,22
202410 ,서울,양천구,129,127,320,4,434,131,883,61,2,996,734,3,791,144,10,984,2,928,14,56
202410 ,서울,영등포구,127,118,556,2,906,121,589,62,3,565,180,3,807,170,13,17,4,474,17,661
202410 ,서울,용산구,263,63,615,1,258,65,136,119,1,730,79,1,928,160,4,951,982,6,93,11
202410 ,서울,은평구,101,113,954,4,25,118,80,47,2,890,743,3,680,143,9,777,2,55,11,975
202410 ,서울,종로구,1,634,39,345,236,41,215,1,512,1,411,249,3,172,337,3,606,1,564,5
202410 ,서울,중구,298,41,192,1,500,42,990,812,1,736,230,2,778,175,5,62,1,192,6,429
202410 ,서울,중랑구,78,91,798,5,958,97,834,33,2,925,568,3,526,122,11,492,2,781,14,395
202411 ,서울,강남구,161,219,173,14,71,233,405,62,3,858,557,4,477,190,13,556,2,452,16,198
202411 ,서울,강동구,109,133,624,5,119,138,852,41,3,234,635,3,910,144,11,873,2,603,14,620
202411 ,서울,강북구,113,60,333,2,88,62,534,69,2,59,717,2,845,130,6,755,1,279,8,164
202411 ,서울,강서구,138,168,254,8,549,176,941,46,4,79,1,317,5,442,162,16,10,4,262,20
202411 ,서울,관악구,90,98,752,3,25,101,867,46,2,906,346,3,298,138,8,948,2,255,11,341
202411 ,서울,광진구,89,80,246,2,991,83,326,43,2,27,332,2,402,168,8,651,1,559,10,378
202411 ,서울,구로구,110,115,474,9,377,124,961,61,3,860,591,4,512,130,13,704,2,608,16,442
202411 ,서울,금천구,58,71,722,3,323,75,103,34,2,535,449,3,18,73,10,676,2,289,13,38
202411 ,서울,노원구,81,129,379,5,650,135,110,52,3,221,765,4,38,176,9,699,2,145,12,20
202411 ,서울,도봉구,92,76,173,4,581,80,846,48,2,211,561,2,820,128,7,898,2,50,10,76
202411 ,서울,동대문구,108,84,639,2,954,87,701,56,2,474,130,2,660,128,9,661,2,196,11,985
202411 ,서울,동작구,117,94,807,1,111,96,35,44,2,138,128,2,310,135,6,386,1,165,7,686
202411 ,서울,마포구,95,101,885,4,283,106,263,56,2,435,652,3,143,171,9,200,2,172,11,543
202411 ,서울,서대문구,205,77,539,3,446,81,190,101,1,942,402,2,445,134,5,800,1,802,7,736
202411 ,서울,서초구,182,153,856,3,737,157,775,134,2,927,658,3,719,183,10,524,4,731,15,438
202411 ,서울,성동구,131,82,31,8,996,91,158,46,1,739,975,2,760,177,8,147,1,861,10,185
202411 ,서울,성북구,91,105,351,1,985,107,427,49,2,724,1,104,3,877,139,8,441,1,679,10
202411 ,서울,송파구,130,207,361,7,536,215,27,107,3,900,1,605,5,612,160,17,269,4,777,22
202411 ,서울,양천구,129,127,268,4,450,131,847,62,2,964,734,3,760,145,10,926,2,901,13,972
202411 ,서울,영등포구,127,118,610,2,925,121,662,62,3,544,182,3,788,171,12,969,4,468,17,608
202411 ,서울,용산구,263,63,620,1,162,65,45,121,1,737,77,1,935,159,4,885,1,4,6,48
202411 ,서울,은평구,101,113,921,4,31,118,53,46,2,883,743,3,672,142,9,724,2,55,11,921
202411 ,서울,종로구,1,634,39,302,239,41,175,1,516,1,410,252,3,178,337,3,606,1,568,5
202411 ,서울,중구,294,40,977,2,71,43,342,811,1,740,249,2,800,170,4,958,1,194,6,322
202411 ,서울,중랑구,78,91,753,5,971,97,802,33,2,900,568,3,501,123,11,431,2,783,14,337
202412 ,서울,강남구,162,219,170,14,347,233,679,61,3,842,559,4,462,187,13,547,2,452,16,186
202412 ,서울,강동구,106,136,733,5,126,141,965,41,3,229,629,3,899,146,11,909,2,609,14,664
202412 ,서울,강북구,111,60,294,2,86,62,491,68,2,53,717,2,838,133,6,709,1,278,8,120
202412 ,서울,강서구,138,168,464,8,528,177,130,45,4,70,1,329,5,444,162,15,987,4,278,20
202412 ,서울,관악구,90,98,650,3,23,101,763,45,2,891,347,3,283,144,8,924,2,255,11,323
202412 ,서울,광진구,89,80,86,2,956,83,131,44,2,18,326,2,388,168,8,844,1,558,10,570
202412 ,서울,구로구,110,115,193,9,149,124,452,61,3,822,566,4,449,125,13,651,2,606,16,382
202412 ,서울,금천구,56,71,715,3,310,75,81,33,2,512,446,2,991,73,10,659,2,286,13,18
202412 ,서울,노원구,81,129,273,5,600,134,954,52,3,200,752,4,4,175,9,676,2,149,12,0
202412 ,서울,도봉구,92,76,137,4,581,80,810,48,2,188,565,2,801,124,7,908,2,36,10,68
202412 ,서울,동대문구,109,84,500,2,959,87,568,58,2,476,126,2,660,127,9,670,2,199,11,996
202412 ,서울,동작구,117,94,670,1,110,95,897,44,2,125,128,2,297,134,6,380,1,158,7,672
202412 ,서울,마포구,97,101,747,4,273,106,117,56,2,429,654,3,139,171,9,195,2,168,11,534
202412 ,서울,서대문구,205,77,391,3,444,81,40,101,1,931,403,2,435,134,5,783,1,801,7,718
202412 ,서울,서초구,178,153,948,3,692,157,818,133,2,914,651,3,698,182,10,438,4,717,15,337
202412 ,서울,성동구,132,82,22,8,756,90,910,47,1,739,963,2,749,176,8,155,1,859,10,190
202412 ,서울,성북구,91,105,298,1,993,107,382,48,2,702,1,103,3,853,142,8,392,1,674,10
202412 ,서울,송파구,128,206,771,7,477,214,376,106,3,879,1,615,5,600,158,17,192,4,774,22
202412 ,서울,양천구,130,127,244,4,451,131,825,64,2,962,733,3,759,144,10,899,2,893,13,936
202412 ,서울,영등포구,125,118,437,2,929,121,491,63,3,512,187,3,762,174,12,905,4,498,17,577
202412 ,서울,용산구,261,63,515,1,160,64,936,125,1,726,75,1,926,155,4,884,1,8,6,47
202412 ,서울,은평구,101,113,914,4,50,118,65,46,2,853,748,3,647,139,9,723,2,40,11,902
202412 ,서울,종로구,1,647,39,262,254,41,163,1,508,1,396,254,3,158,337,3,587,1,560,5
202412 ,서울,중구,296,40,747,1,957,43,0,811,1,729,251,2,791,175,4,836,1,194,6,205
202412 ,서울,중랑구,78,91,673,6,10,97,761,33,2,887,576,3,496,122,11,409,2,781,14,312
202501 ,서울,강남구,159,219,66,14,177,233,402,61,3,838,555,4,454,187,13,643,2,253,16,83
202501 ,서울,강동구,107,139,186,5,133,144,426,41,3,234,629,3,904,147,11,941,2,615,14,703
202501 ,서울,강북구,111,60,308,2,91,62,510,68,2,46,715,2,829,132,6,704,1,278,8,114
202501 ,서울,강서구,138,167,862,8,491,176,491,45,4,93,1,321,5,459,162,15,939,4,278,20
202501 ,서울,관악구,90,98,665,3,21,101,776,44,2,886,347,3,277,144,8,932,2,237,11,313
202501 ,서울,광진구,89,80,72,2,940,83,101,44,2,6,315,2,365,168,8,565,1,544,10,277
202501 ,서울,구로구,111,115,48,9,104,124,263,62,3,799,566,4,427,125,13,627,2,599,16,351
202501 ,서울,금천구,57,71,759,3,66,74,882,33,2,514,445,2,992,73,10,644,2,281,12,998
202501 ,서울,노원구,81,129,224,5,603,134,908,52,3,187,753,3,992,175,9,668,2,149,11,992
202501 ,서울,도봉구,91,76,179,4,613,80,883,48,2,182,555,2,785,124,7,896,2,36,10,56
202501 ,서울,동대문구,106,84,656,2,931,87,693,58,2,466,125,2,649,128,9,651,2,194,11,973
202501 ,서울,동작구,116,94,580,1,109,95,805,44,2,110,128,2,282,135,6,360,1,162,7,657
202501 ,서울,마포구,97,101,695,4,199,105,991,55,2,426,650,3,131,171,9,174,2,182,11,527
202501 ,서울,서대문구,205,77,353,3,440,80,998,101,1,932,400,2,433,135,5,765,1,794,7,694
202501 ,서울,서초구,172,153,574,3,673,157,419,131,2,919,650,3,700,183,10,376,4,698,15,257
202501 ,서울,성동구,131,82,16,9,41,91,188,47,1,726,960,2,733,176,8,156,1,917,10,249
202501 ,서울,성북구,92,105,216,1,985,107,293,47,2,679,1,101,3,827,141,8,364,1,673,10
202501 ,서울,송파구,128,206,481,7,482,214,91,106,3,862,1,604,5,572,158,17,145,4,773,22
202501 ,서울,양천구,130,127,266,4,675,132,71,64,2,950,734,3,748,144,10,875,2,899,13,918
202501 ,서울,영등포구,125,118,294,2,902,121,321,63,3,486,184,3,733,174,12,883,4,446,17,503
202501 ,서울,용산구,260,63,485,1,164,64,909,124,1,715,75,1,914,154,4,901,1,6,6,61
202501 ,서울,은평구,100,114,83,4,79,118,262,46,2,837,749,3,632,139,9,716,2,35,11,890
202501 ,서울,종로구,1,695,39,303,241,41,239,1,498,1,379,251,3,128,335,3,570,1,583,5
202501 ,서울,중구,299,40,566,1,867,42,732,812,1,720,247,2,779,175,4,777,1,199,6,151
202501 ,서울,중랑구,78,91,625,6,8,97,711,33,2,872,579,3,484,121,11,410,2,776,14,307
202502 ,서울,강남구,158,218,816,14,53,233,27,61,3,810,546,4,417,187,13,586,2,292,16,65
202502 ,서울,강동구,108,141,888,5,109,147,105,42,3,240,628,3,910,147,11,950,2,619,14,716
202502 ,서울,강북구,113,60,246,2,91,62,450,68,2,28,715,2,811,132,6,677,1,280,8,89
202502 ,서울,강서구,137,167,122,8,445,175,704,45,4,60,1,318,5,423,163,15,920,4,276,20
202502 ,서울,관악구,89,98,611,3,17,101,717,44,2,863,348,3,255,144,8,867,2,244,11,255
202502 ,서울,광진구,87,79,908,2,955,82,950,43,2,3,313,2,359,166,8,576,1,534,10,276
202502 ,서울,구로구,111,114,867,9,85,124,63,61,3,759,564,4,384,126,13,591,2,586,16,303
202502 ,서울,금천구,59,71,628,2,748,74,435,33,2,484,441,2,958,73,10,582,2,287,12,942
202502 ,서울,노원구,81,129,124,5,593,134,798,52,3,166,754,3,972,176,9,683,2,142,12,1
202502 ,서울,도봉구,91,76,120,4,603,80,814,48,2,171,560,2,779,123,7,885,2,35,10,43
202502 ,서울,동대문구,106,85,105,2,929,88,140,58,2,461,124,2,643,129,9,606,2,200,11,935
202502 ,서울,동작구,116,94,501,1,157,95,774,43,2,91,128,2,262,135,6,345,1,152,7,632
202502 ,서울,마포구,98,101,631,4,124,105,853,55,2,405,656,3,116,171,9,145,2,179,11,495
202502 ,서울,서대문구,207,77,229,3,436,80,872,100,1,930,398,2,428,134,5,731,1,783,7,648
202502 ,서울,서초구,174,153,466,3,600,157,240,131,2,887,646,3,664,183,10,342,4,677,15,202
202502 ,서울,성동구,131,81,943,8,660,90,734,48,1,702,929,2,679,178,8,153,1,917,10,248
202502 ,서울,성북구,92,104,955,1,982,107,29,48,2,661,1,96,3,805,141,8,340,1,674,10
202502 ,서울,송파구,128,206,315,7,451,213,894,105,3,845,1,606,5,556,158,17,95,4,777,22
202502 ,서울,양천구,129,127,85,4,727,131,941,64,2,911,734,3,709,144,10,849,2,901,13,894
202502 ,서울,영등포구,127,118,217,2,878,121,222,64,3,485,183,3,732,176,12,892,4,445,17,513
202502 ,서울,용산구,260,63,519,1,161,64,940,125,1,725,77,1,927,153,4,901,1,13,6,67
202502 ,서울,은평구,100,113,994,4,85,118,179,46,2,829,748,3,623,138,9,712,2,42,11,892
202502 ,서울,종로구,1,695,39,351,240,41,286,1,497,1,367,253,3,117,336,3,577,1,582,5
202502 ,서울,중구,295,40,307,1,685,42,287,813,1,719,247,2,779,175,4,767,1,210,6,152
202502 ,서울,중랑구,79,91,434,6,19,97,532,33,2,856,579,3,468,121,11,414,2,775,14,310
202503 ,서울,강남구,161,218,815,13,883,232,859,61,3,825,542,4,428,187,13,500,2,278,15,965
202503 ,서울,강동구,109,143,209,5,101,148,419,42,3,241,625,3,908,148,11,907,2,610,14,665
202503 ,서울,강북구,114,60,135,2,98,62,347,68,2,13,715,2,796,131,6,661,1,272,8,64
202503 ,서울,강서구,138,167,182,8,847,176,167,45,3,994,1,309,5,348,164,15,866,4,274,20
202503 ,서울,관악구,89,98,521,3,27,101,637,44,2,848,347,3,239,144,8,840,2,240,11,224
202503 ,서울,광진구,86,79,975,2,963,83,24,44,1,973,313,2,330,164,8,603,1,524,10,291
202503 ,서울,구로구,112,114,810,9,62,123,984,60,3,724,566,4,350,126,13,581,2,572,16,279
202503 ,서울,금천구,58,71,509,2,724,74,291,33,2,456,437,2,926,75,10,560,2,283,12,918
202503 ,서울,노원구,81,128,944,5,571,134,596,52,3,127,751,3,930,171,9,630,2,145,11,946
202503 ,서울,도봉구,92,76,129,4,575,80,796,48,2,139,562,2,749,123,7,862,2,38,10,23
202503 ,서울,동대문구,105,85,627,2,921,88,653,58,2,439,128,2,625,131,9,578,2,211,11,920
202503 ,서울,동작구,117,94,421,1,233,95,771,43,2,73,128,2,244,136,6,329,1,149,7,614
202503 ,서울,마포구,97,101,533,4,162,105,792,55,2,386,648,3,89,172,9,138,2,184,11,494
202503 ,서울,서대문구,206,77,177,3,414,80,797,100,1,923,397,2,420,134,5,704,1,778,7,616
202503 ,서울,서초구,173,153,392,3,508,157,73,130,2,857,648,3,635,182,10,419,4,659,15,260
202503 ,서울,성동구,134,81,954,8,982,91,70,48,1,690,931,2,669,178,8,44,1,918,10,140
202503 ,서울,성북구,92,104,827,1,989,106,908,47,2,622,1,96,3,765,143,8,291,1,666,10
202503 ,서울,송파구,128,206,204,7,414,213,746,105,3,822,1,593,5,520,158,17,63,4,776,21
202503 ,서울,양천구,131,126,938,4,797,131,866,65,2,906,734,3,705,145,10,798,2,891,13,834
202503 ,서울,영등포구,129,118,293,2,871,121,293,64,3,462,183,3,709,175,12,802,4,436,17,413
202503 ,서울,용산구,258,63,380,1,141,64,779,126,1,701,77,1,904,150,4,883,1,17,6,50
202503 ,서울,은평구,100,113,913,4,76,118,89,46,2,803,748,3,597,139,9,671,2,35,11,845
202503 ,서울,종로구,1,692,39,278,241,41,211,1,479,1,360,252,3,91,335,3,562,1,577,5
202503 ,서울,중구,288,40,199,1,657,42,144,813,1,703,248,2,764,175,4,581,1,205,5,961
202503 ,서울,중랑구,80,91,335,6,34,97,449,33,2,837,582,3,452,121,11,362,2,781,14,264
202504 ,서울,강남구,161,218,351,13,948,232,460,60,3,833,541,4,434,187,13,550,2,204,15,941
202504 ,서울,강동구,109,143,721,5,83,148,913,41,3,212,623,3,876,148,11,904,2,630,14,682
202504 ,서울,강북구,114,59,999,2,93,62,206,68,1,998,715,2,781,128,6,634,1,263,8,25
202504 ,서울,강서구,137,167,147,8,660,175,944,45,3,974,1,308,5,327,163,15,819,4,278,20
202504 ,서울,관악구,89,98,608,3,33,101,730,44,2,826,346,3,216,145,8,838,2,230,11,213
202504 ,서울,광진구,87,80,103,2,944,83,134,44,1,955,314,2,313,164,8,665,1,522,10,351
202504 ,서울,구로구,111,114,830,9,47,123,988,60,3,662,568,4,290,126,13,540,2,576,16,242
202504 ,서울,금천구,57,71,531,2,710,74,298,33,2,423,435,2,891,77,10,508,2,289,12,874
202504 ,서울,노원구,81,128,811,5,569,134,461,51,3,84,750,3,885,172,9,575,2,141,11,888
202504 ,서울,도봉구,92,76,94,4,552,80,738,49,2,131,560,2,740,123,7,819,2,29,9,971
202504 ,서울,동대문구,105,85,773,2,873,88,751,59,2,417,128,2,604,132,9,580,2,210,11,922
202504 ,서울,동작구,117,94,398,1,237,95,752,43,2,60,128,2,231,136,6,295,1,139,7,570
202504 ,서울,마포구,97,101,419,4,189,105,705,55,2,372,653,3,80,170,9,119,2,187,11,476
202504 ,서울,서대문구,207,77,177,3,410,80,794,100,1,912,397,2,409,137,5,716,1,768,7,621
202504 ,서울,서초구,204,153,481,3,371,157,56,130,2,854,649,3,633,181,10,414,4,636,15,231
202504 ,서울,성동구,134,81,955,8,683,90,772,48,1,685,934,2,667,180,7,961,1,918,10,59
202504 ,서울,성북구,92,105,212,2,0,107,304,45,2,591,1,95,3,731,141,8,262,1,676,10
202504 ,서울,송파구,128,206,148,7,477,213,753,105,3,807,1,588,5,500,162,17,27,4,749,21
202504 ,서울,양천구,129,126,828,4,807,131,764,64,2,901,735,3,700,147,10,753,2,922,13,822
202504 ,서울,영등포구,130,118,244,2,853,121,227,63,3,424,185,3,672,175,12,713,4,423,17,311
202504 ,서울,용산구,262,63,412,1,131,64,805,125,1,689,77,1,891,150,4,867,1,38,6,55
202504 ,서울,은평구,100,113,841,4,110,118,51,46,2,775,749,3,570,138,9,636,2,26,11,800
202504 ,서울,종로구,1,693,39,228,239,41,160,1,480,1,349,254,3,83,334,3,568,1,591,5
202504 ,서울,중구,288,40,22,1,607,41,917,811,1,698,250,2,759,175,4,555,1,164,5,894
202504 ,서울,중랑구,80,91,352,6,53,97,485,32,2,819,580,3,431,123,11,311,2,780,14,214
202505 ,서울,강남구,160,218,276,14,225,232,661,60,3,818,540,4,418,187,13,521,2,195,15,903
202505 ,서울,강동구,110,144,212,5,56,149,378,41,3,196,615,3,852,148,11,917,2,617,14,682
202505 ,서울,강북구,117,59,876,2,103,62,96,67,1,986,716,2,769,129,6,608,1,263,8,0
202505 ,서울,강서구,136,167,35,8,644,175,815,45,3,930,1,317,5,292,160,15,759,4,289,20
202505 ,서울,관악구,89,98,656,3,33,101,778,44,2,793,348,3,185,146,8,788,2,218,11,152
202505 ,서울,광진구,87,80,285,2,954,83,326,45,1,951,332,2,328,164,8,690,1,524,10,378
202505 ,서울,구로구,111,114,677,9,54,123,842,59,3,644,565,4,268,126,13,507,2,573,16,206
202505 ,서울,금천구,58,71,549,2,712,74,319,33,2,402,434,2,869,78,10,478,2,286,12,842
202505 ,서울,노원구,80,128,613,5,560,134,253,51,3,47,752,3,850,171,9,545,2,128,11,844
202505 ,서울,도봉구,93,76,17,4,536,80,646,49,2,108,563,2,720,123,7,807,2,36,9,966
202505 ,서울,동대문구,108,85,880,2,773,88,761,60,2,401,129,2,590,134,9,537,2,242,11,913
202505 ,서울,동작구,117,94,389,1,234,95,740,43,2,45,128,2,216,136,6,292,1,143,7,571
202505 ,서울,마포구,97,101,450,4,211,105,758,55,2,363,674,3,92,171,9,117,2,636,11,924
202505 ,서울,서대문구,208,77,94,3,410,80,712,100,1,902,399,2,401,136,5,677,1,758,7,571
202505 ,서울,서초구,175,153,429,3,345,156,949,130,2,817,647,3,594,181,10,431,4,129,14,741
202505 ,서울,성동구,134,82,112,7,925,90,171,49,1,688,904,2,641,180,7,992,1,915,10,87
202505 ,서울,성북구,92,105,816,2,15,107,923,45,2,590,1,98,3,733,143,8,298,1,667,10
202505 ,서울,송파구,129,206,8,7,490,213,627,106,3,805,1,577,5,488,161,16,980,4,745,21
202505 ,서울,양천구,131,126,748,4,808,131,687,63,2,870,733,3,666,145,10,702,2,931,13,778
202505 ,서울,영등포구,131,118,172,2,743,121,46,61,3,414,190,3,665,174,12,648,4,406,17,228
202505 ,서울,용산구,262,63,457,1,120,64,839,125,1,696,77,1,898,150,4,881,1,53,6,84
202505 ,서울,은평구,100,113,746,4,139,117,985,46,2,753,755,3,554,143,9,643,2,24,11,810
202505 ,서울,종로구,1,724,39,176,243,41,143,1,480,1,328,252,3,60,334,3,580,1,577,5
202505 ,서울,중구,289,39,788,1,545,41,622,810,1,696,241,2,747,177,4,538,1,161,5,876
202505 ,서울,중랑구,80,91,225,5,929,97,234,32,2,803,585,3,420,123,11,274,2,768,14,165
202506 ,서울,강남구,159,218,784,13,915,232,858,60,3,768,531,4,359,187,13,462,2,204,15,853
202506 ,서울,강동구,112,144,566,5,33,149,711,41,3,179,617,3,837,154,11,905,2,615,14,674
202506 ,서울,강북구,118,59,869,2,108,62,95,67,1,972,716,2,755,130,6,604,1,265,7,999
202506 ,서울,강서구,138,166,951,8,598,175,687,45,3,890,1,316,5,251,159,15,691,4,282,20
202506 ,서울,관악구,89,98,725,3,25,101,839,44,2,766,350,3,160,146,8,763,2,221,11,130
202506 ,서울,광진구,87,80,395,2,957,83,439,45,1,940,333,2,318,164,8,723,1,527,10,414
202506 ,서울,구로구,111,114,680,8,974,123,765,59,3,607,560,4,226,125,13,496,2,564,16,185
202506 ,서울,금천구,58,71,470,2,689,74,217,34,2,384,433,2,851,78,10,418,2,269,12,765
202506 ,서울,노원구,80,128,457,5,560,134,97,51,3,23,751,3,825,170,9,529,2,118,11,817
202506 ,서울,도봉구,92,75,990,4,527,80,609,49,2,97,563,2,709,123,7,812,2,38,9,973
202506 ,서울,동대문구,108,86,6,2,785,88,899,60,2,382,129,2,571,136,9,542,2,236,11,914
202506 ,서울,동작구,117,94,520,1,233,95,870,44,2,38,128,2,210,136,6,282,1,144,7,562
202506 ,서울,마포구,98,101,503,4,183,105,784,55,2,347,675,3,77,171,9,57,2,639,11,867
202506 ,서울,서대문구,213,77,90,3,413,80,716,100,1,895,400,2,395,135,5,672,1,756,7,563
202506 ,서울,서초구,174,153,368,3,236,156,778,132,2,795,654,3,581,182,10,389,4,143,14,714
202506 ,서울,성동구,135,82,117,8,699,90,951,49,1,675,940,2,664,180,7,991,1,910,10,81
202506 ,서울,성북구,93,106,227,2,4,108,324,45,2,585,1,96,3,726,146,8,268,1,669,10
202506 ,서울,송파구,129,205,979,7,597,213,705,106,3,781,1,568,5,455,160,16,961,4,759,21
202506 ,서울,양천구,130,126,770,4,803,131,703,63,2,851,734,3,648,144,10,659,2,933,13,736
202506 ,서울,영등포구,130,118,63,2,761,120,954,60,3,383,198,3,641,174,12,610,4,384,17,168
202506 ,서울,용산구,262,63,507,1,119,64,888,125,1,688,75,1,888,150,4,907,1,51,6,108
202506 ,서울,은평구,100,113,724,4,147,117,971,45,2,739,755,3,539,141,9,632,2,27,11,800
202506 ,서울,종로구,1,753,39,96,242,41,91,1,481,1,320,252,3,53,334,3,554,1,601,5
202506 ,서울,중구,288,39,646,1,488,41,422,809,1,685,243,2,737,177,4,533,1,159,5,869
202506 ,서울,중랑구,80,91,269,5,905,97,254,32,2,771,586,3,389,123,11,234,2,766,14,123
202507 ,서울,강남구,159,218,484,13,640,232,283,62,3,773,538,4,373,194,13,425,2,203,15,822
202507 ,서울,강동구,111,144,894,5,22,150,27,42,3,159,617,3,818,153,11,905,2,609,14,667
202507 ,서울,강북구,118,59,783,2,108,62,9,67,1,963,716,2,746,129,6,586,1,260,7,975
202507 ,서울,강서구,138,166,600,8,576,175,314,45,3,920,1,373,5,338,159,15,694,4,322,20
202507 ,서울,관악구,89,98,715,3,39,101,843,45,2,742,354,3,141,145,8,740,2,214,11,99
202507 ,서울,광진구,87,80,391,2,978,83,456,44,1,926,332,2,302,165,8,691,1,514,10,370
202507 ,서울,구로구,112,114,529,8,807,123,448,60,3,589,562,4,211,126,13,472,2,576,16,174
202507 ,서울,금천구,58,71,433,2,685,74,176,34,2,367,435,2,836,78,10,383,2,200,12,661
202507 ,서울,노원구,81,128,376,5,567,134,24,51,3,1,749,3,801,170,9,487,2,124,11,781
202507 ,서울,도봉구,92,75,996,4,520,80,608,50,2,86,563,2,699,123,7,803,2,41,9,967
202507 ,서울,동대문구,107,86,561,2,743,89,411,59,2,371,128,2,558,136,9,583,2,245,11,964
202507 ,서울,동작구,117,94,303,1,255,95,675,44,2,12,127,2,183,141,6,256,1,138,7,535
202507 ,서울,마포구,99,101,265,4,217,105,581,55,2,336,622,3,13,173,9,63,2,627,11,863
202507 ,서울,서대문구,212,77,197,3,413,80,822,99,1,874,400,2,373,136,5,642,1,743,7,521
202507 ,서울,서초구,224,153,911,3,87,157,222,129,2,775,644,3,548,182,10,352,4,124,14,658
202507 ,서울,성동구,135,82,147,8,586,90,868,50,1,668,931,2,649,180,8,51,1,906,10,137
202507 ,서울,성북구,93,106,307,2,6,108,406,45,2,566,1,95,3,706,146,8,237,1,679,10
202507 ,서울,송파구,129,205,771,7,634,213,534,105,3,760,1,568,5,433,160,16,886,4,736,21
202507 ,서울,양천구,130,126,512,4,830,131,472,63,2,837,737,3,637,145,10,637,2,936,13,718
202507 ,서울,영등포구,126,118,49,2,745,120,920,61,3,361,196,3,618,170,12,580,4,393,17,143
202507 ,서울,용산구,261,63,38,1,121,64,420,122,1,652,75,1,849,150,4,869,1,56,6,75
202507 ,서울,은평구,100,113,803,4,158,118,61,45,2,733,752,3,530,136,9,600,2,24,11,760
202507 ,서울,종로구,1,709,39,67,244,41,20,1,480,1,308,251,3,39,333,3,538,1,590,5
202507 ,서울,중구,288,39,377,1,424,41,89,811,1,681,264,2,756,178,4,535,1,279,5,992
202507 ,서울,중랑구,80,91,320,5,935,97,335,32,2,748,588,3,368,123,11,209,2,763,14,95
202508 ,서울,강남구,157,218,389,13,419,231,965,62,3,767,536,4,365,194,13,499,2,206,15,899
202508 ,서울,강동구,111,145,83,5,3,150,197,42,3,152,621,3,815,153,11,926,2,619,14,698
202508 ,서울,강북구,117,59,580,2,115,61,812,67,1,956,715,2,738,128,6,577,1,265,7,970
202508 ,서울,강서구,138,166,178,8,585,174,901,45,3,921,1,374,5,340,159,15,688,4,320,20
202508 ,서울,관악구,89,98,670,3,39,101,798,46,2,735,354,3,135,145,8,651,2,208,11,4
202508 ,서울,광진구,87,80,243,2,977,83,307,44,1,916,331,2,291,166,8,708,1,512,10,386
202508 ,서울,구로구,112,114,450,8,526,123,88,58,3,573,560,4,191,127,13,450,2,598,16,175
202508 ,서울,금천구,58,71,381,2,709,74,148,34,2,349,435,2,818,78,10,388,2,193,12,659
202508 ,서울,노원구,81,128,228,5,586,133,895,51,2,982,750,3,783,171,9,491,2,114,11,776
202508 ,서울,도봉구,93,76,17,4,514,80,624,50,2,75,565,2,690,124,7,802,2,45,9,971
202508 ,서울,동대문구,108,86,869,2,740,89,717,59,2,355,129,2,543,136,9,542,2,246,11,924
202508 ,서울,동작구,118,94,216,1,256,95,590,44,2,4,127,2,175,142,6,251,1,136,7,529
202508 ,서울,마포구,104,101,204,4,178,105,486,54,2,320,618,2,992,173,9,31,2,656,11,860
202508 ,서울,서대문구,212,77,292,3,405,80,909,99,1,869,400,2,368,135,5,647,1,746,7,528
202508 ,서울,서초구,201,154,761,3,79,158,41,132,2,775,642,3,549,182,10,404,4,104,14,690
202508 ,서울,성동구,134,82,412,8,634,91,180,50,1,641,930,2,621,179,8,32,1,900,10,111
202508 ,서울,성북구,93,106,364,2,21,108,478,45,2,553,1,94,3,692,147,8,242,1,671,10
202508 ,서울,송파구,129,205,708,7,652,213,489,105,3,743,1,573,5,421,160,16,779,4,721,21
202508 ,서울,양천구,130,126,359,4,851,131,340,63,2,828,737,3,628,145,10,615,2,919,13,679
202508 ,서울,영등포구,126,117,750,2,746,120,622,61,3,343,198,3,602,170,12,566,4,379,17,115
202508 ,서울,용산구,261,62,997,1,111,64,369,120,1,646,74,1,840,150,4,817,1,54,6,21
202508 ,서울,은평구,100,113,762,4,179,118,41,48,2,717,748,3,513,136,9,598,2,20,11,754
202508 ,서울,종로구,1,716,38,978,241,40,935,1,478,1,308,251,3,37,334,3,533,1,592,5
202508 ,서울,중구,287,39,199,1,396,40,882,811,1,681,262,2,754,179,4,496,1,285,5,960
202508 ,서울,중랑구,80,91,317,5,922,97,319,32,2,734,589,3,355,123,11,183,2,773,14,79
202509 ,서울,강남구,157,217,945,13,198,231,300,59,3,776,537,4,372,193,13,473,2,225,15,891
202509 ,서울,강동구,109,145,166,4,971,150,246,42,3,123,620,3,785,151,11,857,2,591,14,599
202509 ,서울,강북구,116,59,460,2,119,61,695,67,1,941,716,2,724,128,6,547,1,263,7,938
202509 ,서울,강서구,138,165,541,8,580,174,259,45,3,901,1,366,5,312,160,15,665,4,342,20
202509 ,서울,관악구,88,98,631,3,44,101,763,44,2,696,353,3,93,144,8,633,2,208,10,985
202509 ,서울,광진구,90,80,183,3,8,83,281,43,1,898,327,2,268,164,8,710,1,526,10,400
202509 ,서울,구로구,112,114,418,8,357,122,887,58,3,523,559,4,140,127,13,399,2,604,16,130
202509 ,서울,금천구,58,71,474,2,755,74,287,33,2,321,435,2,789,78,10,340,2,183,12,601
202509 ,서울,노원구,81,128,177,5,587,133,845,51,2,950,716,3,717,170,9,413,2,118,11,701
202509 ,서울,도봉구,93,76,50,4,505,80,648,50,2,59,562,2,671,123,7,803,2,52,9,978
202509 ,서울,동대문구,107,86,937,2,736,89,780,59,2,334,129,2,522,136,9,521,2,255,11,912
202509 ,서울,동작구,117,94,54,1,249,95,420,44,1,993,128,2,165,142,6,209,1,140,7,491
202509 ,서울,마포구,103,101,282,4,165,105,550,54,2,301,617,2,972,175,9,20,2,647,11,842
202509 ,서울,서대문구,213,77,344,3,406,80,963,99,1,857,403,2,359,135,5,603,1,748,7,486
202509 ,서울,서초구,185,155,300,3,64,158,549,130,2,751,638,3,519,183,10,376,4,51,14,610
202509 ,서울,성동구,134,82,548,8,900,91,582,50,1,626,929,2,605,179,8,40,1,909,10,128
202509 ,서울,성북구,93,106,450,2,14,108,557,45,2,538,1,93,3,676,144,8,203,1,672,10
202509 ,서울,송파구,131,205,746,7,619,213,496,105,3,694,1,572,5,371,161,16,718,4,743,21
202509 ,서울,양천구,129,126,203,4,866,131,198,64,2,800,736,3,600,144,10,567,2,879,13,590
202509 ,서울,영등포구,126,117,815,2,737,120,678,60,3,314,202,3,576,171,12,518,4,389,17,78
202509 ,서울,용산구,262,63,21,1,111,64,394,119,1,635,73,1,827,150,4,813,1,57,6,20
202509 ,서울,은평구,100,113,578,4,180,117,858,49,2,694,751,3,494,137,9,590,2,19,11,746
202509 ,서울,종로구,1,693,39,7,242,40,942,1,433,1,299,251,2,983,335,3,522,1,759,5
202509 ,서울,중구,285,39,429,1,305,41,19,811,1,674,298,2,783,180,4,490,1,145,5,815
202509 ,서울,중랑구,79,91,343,5,958,97,380,32,2,711,586,3,329,122,11,140,2,760,14,22
202510 ,서울,강남구,157,217,913,12,898,230,968,59,3,784,534,4,377,193,13,444,2,229,15,866
202510 ,서울,강동구,108,145,169,4,946,150,223,42,3,97,619,3,758,150,11,810,2,593,14,553
202510 ,서울,강북구,114,59,415,2,124,61,653,69,1,924,716,2,709,128,6,511,1,269,7,908
202510 ,서울,강서구,136,164,985,8,538,173,659,44,3,859,1,366,5,269,161,15,606,4,355,20
202510 ,서울,관악구,88,98,611,3,36,101,735,44,2,675,355,3,74,144,8,613,2,214,10,971
202510 ,서울,광진구,89,80,112,3,4,83,205,43,1,884,328,2,255,164,8,608,1,522,10,294
202510 ,서울,구로구,111,114,309,8,536,122,956,58,3,500,567,4,125,126,13,348,2,591,16,65
202510 ,서울,금천구,59,71,505,2,751,74,315,33,2,306,434,2,773,78,10,316,2,183,12,577
202510 ,서울,노원구,81,128,166,5,566,133,813,51,2,920,715,3,686,171,9,396,2,115,11,682
202510 ,서울,도봉구,93,75,980,4,500,80,573,49,2,52,561,2,662,124,7,788,2,59,9,971
202510 ,서울,동대문구,107,86,924,2,749,89,780,59,2,306,128,2,493,136,9,486,2,242,11,864
202510 ,서울,동작구,117,94,31,1,241,95,389,45,1,968,127,2,140,142,6,210,1,138,7,490
202510 ,서울,마포구,103,101,236,4,135,105,474,54,2,279,615,2,948,177,9,2,2,640,11,819
202510 ,서울,서대문구,215,77,372,3,423,81,10,99,1,839,405,2,343,135,5,593,1,745,7,473
202510 ,서울,서초구,181,155,573,3,83,158,837,129,2,739,636,3,504,183,10,318,4,41,14,542
202510 ,서울,성동구,134,82,602,8,660,91,396,49,1,619,928,2,596,179,8,15,1,908,10,102
202510 ,서울,성북구,93,106,361,2,12,108,466,46,2,517,1,88,3,651,144,8,192,1,668,10
202510 ,서울,송파구,131,205,535,7,635,213,301,105,3,677,1,568,5,350,159,16,688,4,753,21
202510 ,서울,양천구,129,126,213,4,879,131,221,64,2,777,742,3,583,145,10,533,2,872,13,550
202510 ,서울,영등포구,126,117,588,2,726,120,440,60,3,298,200,3,558,170,12,550,4,378,17,98
202510 ,서울,용산구,266,62,997,1,120,64,383,119,1,621,73,1,813,150,4,808,1,61,6,19
202510 ,서울,은평구,100,113,410,4,173,117,683,49,2,678,750,3,477,138,9,533,2,23,11,694
202510 ,서울,종로구,1,689,39,11,243,40,943,1,443,1,292,251,2,986,335,3,502,1,759,5
202510 ,서울,중구,287,39,256,1,266,40,809,843,1,662,299,2,804,179,4,487,1,146,5,812
202510 ,서울,중랑구,79,91,332,5,950,97,361,32,2,689,584,3,305,123,11,148,2,761,14,32
202511 ,서울,강남구,157,218,764,12,526,231,447,60,3,755,531,4,346,193,13,441,2,16,15,650
202511 ,서울,강동구,109,145,267,5,1,150,377,42,3,78,617,3,737,151,11,834,2,594,14,579
202511 ,서울,강북구,114,59,388,2,126,61,628,70,1,906,716,2,692,127,6,509,1,275,7,911
202511 ,서울,강서구,136,165,284,8,467,173,887,44,3,853,1,358,5,255,158,15,584,4,359,20
202511 ,서울,관악구,88,98,593,3,34,101,715,44,2,651,356,3,51,144,8,546,2,216,10,906
202511 ,서울,광진구,86,80,83,2,994,83,163,43,1,869,325,2,237,165,8,577,1,540,10,282
202511 ,서울,구로구,111,114,160,8,544,122,815,58,3,466,573,4,97,126,13,316,2,585,16,27
202511 ,서울,금천구,59,71,493,2,809,74,361,33,2,281,434,2,748,78,10,301,2,186,12,565
202511 ,서울,노원구,81,128,187,5,607,133,875,51,2,915,713,3,679,171,9,361,2,105,11,637
202511 ,서울,도봉구,92,75,974,4,506,80,572,49,2,38,559,2,646,124,7,778,2,55,9,957
202511 ,서울,동대문구,110,86,909,2,740,89,759,60,2,289,127,2,476,135,9,466,2,246,11,847
202511 ,서울,동작구,118,93,923,1,246,95,287,45,1,972,127,2,144,144,6,175,1,127,7,446
202511 ,서울,마포구,98,101,304,4,83,105,485,56,2,269,612,2,937,179,8,975,2,636,11,790
202511 ,서울,서대문구,215,77,418,3,425,81,58,99,1,826,405,2,330,135,5,578,1,739,7,452
202511 ,서울,서초구,174,155,650,3,127,158,951,129,2,733,633,3,495,185,10,305,4,63,14,553
202511 ,서울,성동구,134,82,748,8,217,91,99,50,1,629,925,2,604,178,8,5,1,905,10,88
202511 ,서울,성북구,93,106,425,2,22,108,540,49,2,503,1,86,3,638,142,8,183,1,663,9
202511 ,서울,송파구,132,205,367,7,630,213,129,105,3,644,1,572,5,321,159,16,585,4,962,21
202511 ,서울,양천구,129,126,271,4,893,131,293,66,2,761,741,3,568,146,10,494,2,873,13,513
202511 ,서울,영등포구,127,117,654,2,761,120,542,60,3,264,199,3,523,170,12,516,4,392,17,78
202511 ,서울,용산구,267,62,928,1,116,64,311,118,1,619,73,1,810,150,4,780,1,58,5,988
202511 ,서울,은평구,101,113,294,4,184,117,579,46,2,650,750,3,446,138,9,483,2,29,11,650
202511 ,서울,종로구,1,673,39,24,244,40,941,1,442,1,285,251,2,978,334,3,496,1,760,5
202511 ,서울,중구,286,39,183,1,241,40,710,841,1,655,297,2,793,176,4,497,1,145,5,818
202511 ,서울,중랑구,79,91,403,5,934,97,416,32,2,679,582,3,293,123,11,146,2,734,14,3
